title,company,href
Software Engineer Java Full Stack Must live in Eastern or Central Time Zone USA,"Cardinal Financial Company, LP",https://stackoverflow.com/jobs/350467/software-engineer-java-full-stack-must-live-in-cardinal-financial-company-lp
Java Backend Developer,Leaf Logistics,https://stackoverflow.com/jobs/201671/java-backend-developer-leaf-logistics
Java/Kotlin/Android/Peer to Peer for UltraUpload.io (Darknet to Clearnet),TC Unterhaltungselektronik AG,https://stackoverflow.com/jobs/281263/java-kotlin-android-peer-to-peer-for-tc-unterhaltungselektronik-ag
Fullstack Java Developer - Remote,PriceSenz,https://stackoverflow.com/jobs/382300/fullstack-java-developer-remote-pricesenz
Senior Java/Kubernetes Developer,Entando,https://stackoverflow.com/jobs/279771/senior-java-kubernetes-developer-entando
Java Backend Developer focused on Quality,ViaBill A/S,https://stackoverflow.com/jobs/313068/java-backend-developer-focused-on-quality-viabill-a-s
Java API Developer,PriceSenz,https://stackoverflow.com/jobs/387143/java-api-developer-pricesenz
GWT/Java Developer,Vascular Management Associates,https://stackoverflow.com/jobs/332847/gwt-java-developer-vascular-management-associates
Senior Java & Web developer (remote),Spider Strategies,https://stackoverflow.com/jobs/346147/senior-java-web-developer-remote-spider-strategies
Senior Java Web Developer,Kettle,https://stackoverflow.com/jobs/373860/senior-java-web-developer-kettle
Front End Engineer (Java),Modus Create,https://stackoverflow.com/jobs/386158/front-end-engineer-java-modus-create
Java Software Architect,O'Reilly Auto Parts,https://stackoverflow.com/jobs/371603/java-software-architect-oreilly-auto-parts
Java Developer,Ubiquisoft Technologies,https://stackoverflow.com/jobs/246139/java-developer-ubiquisoft-technologies
Architect (Java),Modus Create,https://stackoverflow.com/jobs/386159/architect-java-modus-create
Senior Java Developer Who Loves Puzzles,O'Reilly Auto Parts,https://stackoverflow.com/jobs/217099/senior-java-developer-who-loves-puzzles-oreilly-auto-parts
Remote Java Engineer - Support (US-Only),Hazelcast,https://stackoverflow.com/jobs/131938/remote-java-engineer-support-us-only-hazelcast
Sr. Java/Spring Developer [100% REMOTE],Clevertech,https://stackoverflow.com/jobs/386124/sr-java-spring-developer-100-remote-clevertech
Android Java Developer,eyeo GmbH,https://stackoverflow.com/jobs/376554/android-java-developer-eyeo-gmbh
"Work on Computer Science focused Articles (remote, part-time)",Baeldung,https://stackoverflow.com/jobs/351111/work-on-computer-science-focused-articles-remote-baeldung
"Scala Developer To Work on Articles (remote, part-time)",Baeldung,https://stackoverflow.com/jobs/350887/scala-developer-to-work-on-articles-remote-part-baeldung
"Linux Developer To Work on Articles (remote, part-time)",Baeldung,https://stackoverflow.com/jobs/383015/linux-developer-to-work-on-articles-remote-part-baeldung
Lead/Senior Backend Developer - We're motivated to code with a sense of purpose,Kind,https://stackoverflow.com/jobs/268694/lead-senior-backend-developer-were-motivated-kind
Senior Backend Engineer (Ruby on Rails),Files.com,https://stackoverflow.com/jobs/282423/senior-backend-engineer-ruby-on-rails-filescom
Senior Frontend Engineer (ES8/React/Redux/Saga),Files.com,https://stackoverflow.com/jobs/241031/senior-frontend-engineer-es8-react-redux-saga-filescom
Senior Software Engineer (Go) - 100% remote (UK/EU only),Form3 - Financial Cloud,https://stackoverflow.com/jobs/230221/senior-software-engineer-go-100-remote-uk-form3-financial-cloud
Java API Developer,PriceSenz,https://remoteok.io/remote-jobs/84776-remote-java-api-developer-pricesenz
Fullstack Java Developer,PriceSenz,https://remoteok.io/remote-jobs/84569-remote-fullstack-java-developer-pricesenz
Senior UI/UX Frontend Developer üëç,Credit Glory Inc.,https://weworkremotely.com/remote-jobs/credit-glory-inc-senior-ui-ux-frontend-developer-1
IT Apps Engineer II,Twitter,https://weworkremotely.com/remote-jobs/twitter-it-apps-engineer-ii
Frontend Designer,Oldspeake,https://weworkremotely.com/remote-jobs/oldspeake-frontend-designer
Senior UI/UX Frontend Developer üëç,Credit Glory Inc.,https://weworkremotely.com/remote-jobs/credit-glory-inc-senior-ui-ux-frontend-developer
Developer Senior Server/Cloud,DEON,https://weworkremotely.com/remote-jobs/deon-developer-senior-server-cloud
Senior JavaScript Front End Developer - Vue / React / NodeJS ,Techifide Limited,https://weworkremotely.com/remote-jobs/techifide-limited-senior-javascript-front-end-developer-vue-react-nodejs
Senior Software Developer,Qualio,https://weworkremotely.com/remote-jobs/qualio-senior-software-developer
WordPress Developer (PHP/JS),Awesome Motive Inc.,https://weworkremotely.com/remote-jobs/awesome-motive-inc-wordpress-developer-php-js-2
React UI Software Engineer (U.S. remote OK),LocusLabs,https://weworkremotely.com/remote-jobs/locuslabs-react-ui-software-engineer-u-s-remote-ok
Senior Full-stack Developer (PHP/JS),Research & Design,https://weworkremotely.com/remote-jobs/research-design-senior-full-stack-developer-php-js
Senior Scala Engineer,Mokriya Inc,https://weworkremotely.com/remote-jobs/mokriya-inc-senior-scala-engineer-1
Video Engineer (WebRTC/FFmpeg),Crowdcast,https://weworkremotely.com/remote-jobs/crowdcast-video-engineer-webrtc-ffmpeg
Front End Engineer,Chili Piper,https://weworkremotely.com/remote-jobs/chili-piper-front-end-engineer
Back-End Engineer (Node.js/AWS),Crowdcast,https://weworkremotely.com/remote-jobs/crowdcast-back-end-engineer-node-js-aws
Senior Backend Engineer,Knack,https://weworkremotely.com/remote-jobs/knack-senior-backend-engineer-1
Sr. Security Engineer with Ruby on Rails experience,Aha!,https://weworkremotely.com/remote-jobs/aha-sr-security-engineer-with-ruby-on-rails-experience
"Remote Full Stack Developer (UK based, ¬£35-45k)",Silktide,https://weworkremotely.com/remote-jobs/silktide-remote-full-stack-developer-uk-based-35-45k
JavaScript Software Engineer (Map Applications),LocusLabs,https://weworkremotely.com/remote-jobs/locuslabs-javascript-software-engineer-map-applications
Senior Software Engineer,Educational Networks,https://weworkremotely.com/remote-jobs/educational-networks-senior-software-engineer
Senior Software Engineer,Dozuki,https://weworkremotely.com/remote-jobs/dozuki-senior-software-engineer
Senior Application Engineer,Float.com,https://weworkremotely.com/remote-jobs/float-com-senior-application-engineer
Back End Engineer,Chili Piper,https://weworkremotely.com/remote-jobs/chili-piper-back-end-engineer
Experienced Rails + React Developer,MemberSpace,https://weworkremotely.com/remote-jobs/memberspace-experienced-rails-react-developer
Remote Contract React Native Engineer,G2i Inc.,https://weworkremotely.com/remote-jobs/g2i-inc-remote-contract-react-native-engineer-3
Developer,Ko-fi,https://weworkremotely.com/remote-jobs/ko-fi-developer
senior security engineer [rails experience required],Aha!,https://weworkremotely.com/remote-jobs/aha-senior-security-engineer-rails-experience-required
Frontend Engineer (ES8/React/Redux/Saga) ,Files.com,https://weworkremotely.com/remote-jobs/files-com-frontend-engineer-es8-react-redux-saga
Full-Stack Engineer for Medical Research,Curebase,https://weworkremotely.com/remote-jobs/curebase-full-stack-engineer-for-medical-research
Website Developer,AgencyAnalytics,https://weworkremotely.com/remote-jobs/agencyanalytics-website-developer
Superstar Full-Stack Developer /// Your Work Will Be Seen By Millions,Country Rebel,https://weworkremotely.com/remote-jobs/country-rebel-superstar-full-stack-developer-your-work-will-be-seen-by-millions
"Open Source Developer & DevOps (Python, Django, AWS, OpenStack)",OpenCraft,https://weworkremotely.com/remote-jobs/opencraft-open-source-developer-devops-python-django-aws-openstack-6
Senior Node.JS Engineer,GitDuck,https://weworkremotely.com/remote-jobs/gitduck-senior-node-js-engineer
"Sr. Software Engineer, across a wide array of tech stacks, 100% Remote","Infinity Software Development, Inc.",https://weworkremotely.com/remote-jobs/infinity-software-development-inc-sr-software-engineer-across-a-wide-array-of-tech-stacks-100-7
Experienced Full-Stack Rails and React Developer,Tanooki Labs,https://weworkremotely.com/remote-jobs/tanooki-labs-experienced-full-stack-rails-and-react-developer-2
"Software Developer (Ruby on Rails, Backbone.js, Vue.js) ",InputHealth,https://weworkremotely.com/remote-jobs/inputhealth-software-developer-ruby-on-rails-backbone-js-vue-js
Lead WordPress Engineer - Americas,XWP,https://weworkremotely.com/remote-jobs/xwp-lead-wordpress-engineer-americas
QA Engineer,Chili Piper,https://weworkremotely.com/remote-jobs/chili-piper-qa-engineer
Senior Rails Engineer,Supercast,https://weworkremotely.com/remote-jobs/supercast-senior-rails-engineer
Senior Software Engineer - Mobile,Good Eggs,https://weworkremotely.com/remote-jobs/good-eggs-senior-software-engineer-mobile
senior security engineer with ruby on rails experience,Aha!,https://weworkremotely.com/remote-jobs/aha-senior-security-engineer-with-ruby-on-rails-experience
Sr. Java/Spring Developer [100% Remote],Clevertech,https://weworkremotely.com/remote-jobs/clevertech-sr-java-spring-developer-100-remote-1
Full Stack Developer (Python & Vue.js),Unhaggle Inc.,https://weworkremotely.com/remote-jobs/unhaggle-inc-full-stack-developer-python-vue-js-2
Vue.js Interface Designer & Design Systems Engineer,Logo.com,https://weworkremotely.com/remote-jobs/logo-com-vue-js-interface-designer-design-systems-engineer
"Full Stack Javascript Engineer (AWS, Serverless, OSS)",FunnelEnvy,https://weworkremotely.com/remote-jobs/funnelenvy-full-stack-javascript-engineer-aws-serverless-oss
Front End Engineer,ReCharge Payments,https://weworkremotely.com/remote-jobs/recharge-payments-front-end-engineer-2
Full Stack Developer,Feedr,https://weworkremotely.com/remote-jobs/feedr-full-stack-developer
Backend PHP Developer,CodeLathe Technologies Inc,https://weworkremotely.com/remote-jobs/codelathe-technologies-inc-backend-php-developer
Digital Development Lead,"Marie Forleo Int'l, Inc.",https://weworkremotely.com/remote-jobs/marie-forleo-int-l-inc-digital-development-lead
Senior full stack developer that likes testing,Replay Poker,https://weworkremotely.com/remote-jobs/replay-poker-senior-full-stack-developer-that-likes-testing
Senior React Native Developer,X-Team,https://weworkremotely.com/remote-jobs/x-team-senior-react-native-developer
Remote Contract Senior Rails / React,HocNest,https://weworkremotely.com/remote-jobs/hocnest-remote-contract-senior-rails-react
QA Engineer,Hopin,https://weworkremotely.com/remote-jobs/hopin-qa-engineer
"Software Engineer, Full Stack ",Doximity,https://weworkremotely.com/remote-jobs/doximity-software-engineer-full-stack
"Senior Ruby on Rails Engineer (Madrid, Barcelona & Full Remote)",Jobandtalent ,https://weworkremotely.com/remote-jobs/jobandtalent-senior-ruby-on-rails-engineer-madrid-barcelona-full-remote
Senior iOS Developer,X-Team,https://weworkremotely.com/remote-jobs/x-team-senior-ios-developer
Software Application Developer,Global Impact ,https://weworkremotely.com/remote-jobs/global-impact-software-application-developer
Senior Frontend Engineer,Shogun,https://weworkremotely.com/remote-jobs/shogun-senior-frontend-engineer
Senior Node.js Developer,X-Team,https://weworkremotely.com/remote-jobs/x-team-senior-node-js-developer
Senior Back-End Developer (Clean-tech),Sennen Tech,https://weworkremotely.com/remote-jobs/sennen-tech-senior-back-end-developer-clean-tech
Tech Lead,Clevertech,https://weworkremotely.com/remote-jobs/clevertech-tech-lead-5
Senior WordPress Developer ,X-Team,https://weworkremotely.com/remote-jobs/x-team-senior-wordpress-developer
Senior Full-stack Engineer (Ruby on Rails),RemoteLock,https://weworkremotely.com/remote-jobs/remotelock-senior-full-stack-engineer-ruby-on-rails
Ionic Mobile Developer,Clevertech,https://weworkremotely.com/remote-jobs/clevertech-ionic-mobile-developer-1
Senior Product Engineer (Remote - Anywhere),Dataquest ,https://weworkremotely.com/remote-jobs/dataquest-senior-product-engineer-remote-anywhere
Back-end Engineer,We Are Mammoth,https://weworkremotely.com/remote-jobs/we-are-mammoth-back-end-engineer-1
React / Javascript Developer,Mango Voice,https://weworkremotely.com/remote-jobs/mango-voice-react-javascript-developer
Solutions Engineer (JAMstack),Forestry.io,https://weworkremotely.com/remote-jobs/forestry-io-solutions-engineer-jamstack
Ruby on Rails Developer,Power Home Remodeling,https://weworkremotely.com/remote-jobs/power-home-remodeling-ruby-on-rails-developer
Full Stack Engineer,Oddball,https://weworkremotely.com/remote-jobs/oddball-full-stack-engineer-1
"Mobile Software Engineer, iOS (Swift)",Doximity,https://weworkremotely.com/remote-jobs/doximity-mobile-software-engineer-ios-swift
Solutions Engineer,ReCharge Payments,https://weworkremotely.com/remote-jobs/recharge-payments-solutions-engineer-1
Ruby on Rails Developer (5+ years),Power Home Remodeling,https://weworkremotely.com/remote-jobs/power-home-remodeling-ruby-on-rails-developer-5-years
React Native / Mobile and Web Senior Engineer,RemoteLock,https://weworkremotely.com/remote-jobs/remotelock-react-native-mobile-and-web-senior-engineer
"Senior Engineer, Platform, Philanthropy Cloud ",Salesforce,https://weworkremotely.com/remote-jobs/salesforce-senior-engineer-platform-philanthropy-cloud
Senior Go Developer,X-Team,https://weworkremotely.com/remote-jobs/x-team-senior-go-developer
Senior Android/Kotlin Developer ,X-Team,https://weworkremotely.com/remote-jobs/x-team-senior-android-kotlin-developer
Senior Software Engineer - Web Apps,"Brivity, Inc.",https://weworkremotely.com/remote-jobs/brivity-inc-senior-software-engineer-web-apps-1
Sr. Java/Spring Developer [100% Remote],Clevertech,https://weworkremotely.com/remote-jobs/clevertech-sr-java-spring-developer-100-remote
Website Support Specialist for Law Firm Websites,The Modern Firm,https://weworkremotely.com/remote-jobs/the-modern-firm-website-support-specialist-for-law-firm-websites
Site Integration Specialist,Sierra Interactive,https://weworkremotely.com/remote-jobs/sierra-interactive-site-integration-specialist
Customer Support Engineer,LeadDyno,https://weworkremotely.com/remote-jobs/leaddyno-customer-support-engineer
"Software Engineer, Service Reliability",Doximity,https://weworkremotely.com/remote-jobs/doximity-software-engineer-service-reliability
Security Engineer,Shogun,https://weworkremotely.com/remote-jobs/shogun-security-engineer
Back-end Software Engineer,Wirecutter,https://weworkremotely.com/remote-jobs/wirecutter-back-end-software-engineer
Mobile Web Solutions Architect,Power Home Remodeling,https://weworkremotely.com/remote-jobs/power-home-remodeling-mobile-web-solutions-architect
Gaming Product Manager,Teaching.com,https://weworkremotely.com/remote-jobs/teaching-com-gaming-product-manager
"Product Manager, Merchant & Shopper Experience",ReCharge Payments,https://weworkremotely.com/remote-jobs/recharge-payments-product-manager-merchant-shopper-experience
