title,company,href

"Senior software engineer (python, typescript, reactjs, nextjs, kafka, docker)",EverQuote Inc.,https://stackoverflow.com/jobs/385234/senior-software-engineer-python-typescript-everquote-inc

Developpeur senior (H/F) Full-stack  Python /  Javascript,Labellevie by Deleev,https://stackoverflow.com/jobs/348361/developpeur-senior-h-f-full-stack-python-labellevie-by-deleev

Python Developer,YouGov,https://stackoverflow.com/jobs/330681/python-developer-yougov

Senior Python Back End Engineer,Loadsmart,https://stackoverflow.com/jobs/372573/senior-python-back-end-engineer-loadsmart

Senior Python Developer (Remote),X-Team,https://stackoverflow.com/jobs/203899/senior-python-developer-remote-x-team

"Python Developer (Onsite in Paris, or Remote in France, UK, Germany)",PeopleDoc,https://stackoverflow.com/jobs/374071/python-developer-onsite-in-paris-or-remote-in-peopledoc

Python Full Stack Developer,REPAY,https://stackoverflow.com/jobs/386498/python-full-stack-developer-repay

"Craftsmanship Focused / Test Loving Full Stack Web Dev - Python, React, SQL",Level 12,https://stackoverflow.com/jobs/207146/craftsmanship-focused-test-loving-full-stack-level-12

Senior Full Stack Software Engineer (React Python Flask),FineTune Learning,https://stackoverflow.com/jobs/270372/senior-full-stack-software-engineer-react-python-finetune-learning

Python Engineer,"TileDB, Inc.",https://stackoverflow.com/jobs/365175/python-engineer-tiledb-inc

DÃ©veloppeur Python C/C++ | Mission Remote (France),SkillValue,https://stackoverflow.com/jobs/377495/d%C3%A9veloppeur-python-c-c-plus-plus-mission-remote-france-skillvalue

Sr. ETL Database Engineer -  Python [100% REMOTE],Clevertech,https://stackoverflow.com/jobs/386125/sr-etl-database-engineer-python-100-remote-clevertech

Full Stack Web Developer,"Art & Logic, Inc.",https://stackoverflow.com/jobs/370918/full-stack-web-developer-art-logic-inc

Senior Backend Developer (Remote),Hypothesis.is,https://stackoverflow.com/jobs/375432/senior-backend-developer-remote-hypothesisis

Software Engineer - Research/Reverse Engineering (Must be remote in USA),"GrammaTech, Inc.",https://stackoverflow.com/jobs/383593/software-engineer-research-reverse-engineering-grammatech-inc

Sr Backend Engineer (Remote or NYC),Noom,https://stackoverflow.com/jobs/283527/sr-backend-engineer-remote-or-nyc-noom

Senior Software Engineer (Remote),Web Summit,https://stackoverflow.com/jobs/162807/senior-software-engineer-remote-web-summit

Sr. Software Engineer - Angular,DIGARC,https://stackoverflow.com/jobs/363678/sr-software-engineer-angular-digarc

Automation Solutions Engineer,Keelvar,https://stackoverflow.com/jobs/383810/automation-solutions-engineer-keelvar

Lead Software Engineer,Carbon Relay,https://stackoverflow.com/jobs/363670/lead-software-engineer-carbon-relay

"Engineer, Platform - MongoDB/RDS",Auth0,https://stackoverflow.com/jobs/368577/engineer-platform-mongodb-rds-auth0

Senior Product Engineer: Back end,x.ai,https://stackoverflow.com/jobs/316025/senior-product-engineer-back-end-xai

Software Development Engineer in Test,SDVI,https://stackoverflow.com/jobs/219487/software-development-engineer-in-test-sdvi

Senior Data Scientist / Backend Engineer,komoot,https://stackoverflow.com/jobs/371332/senior-data-scientist-backend-engineer-komoot

Sr Full Stack Engineer (Remote OR NYC),Noom,https://stackoverflow.com/jobs/283522/sr-full-stack-engineer-remote-or-nyc-noom

Devops Python Django Saas Developer,WP Media,https://remoteok.io/remote-jobs/84795-remote-devops-python-django-saas-developer-wp-media

Senior Python Developer,Remotesome,https://remoteok.io/remote-jobs/84524-remote-senior-python-developer-remotesome

Lead Backend Developer,Kokoon Technology Ltd,https://remoteok.io/remote-jobs/84313-remote-lead-backend-developer-remote-kokoon-technology-ltd

Senior Software Developer,Qualio,https://weworkremotely.com/remote-jobs/qualio-senior-software-developer

Senior Scala Engineer,Mokriya Inc,https://weworkremotely.com/remote-jobs/mokriya-inc-senior-scala-engineer-1

Senior Integrations Engineer,FYI,https://weworkremotely.com/remote-jobs/fyi-senior-integrations-engineer

Senior Fullstack Engineer (VueJS + Rails API / Postgres),ClickFlow,https://weworkremotely.com/remote-jobs/clickflow-senior-fullstack-engineer-vuejs-rails-api-postgres-1

Remote Statistical Disclosure Control Specialist/Privacy Expert (full-time or part-time),The Sensible Code Company,https://weworkremotely.com/remote-jobs/the-sensible-code-company-remote-statistical-disclosure-control-specialist-privacy-expert-full-time-or-part-time

Backend / API Engineer,Primer,https://weworkremotely.com/remote-jobs/primer-backend-api-engineer

"Open Source Developer & DevOps (Python, Django, AWS, OpenStack)",OpenCraft,https://weworkremotely.com/remote-jobs/opencraft-open-source-developer-devops-python-django-aws-openstack-6

Senior Software Engineer - Mobile,Good Eggs,https://weworkremotely.com/remote-jobs/good-eggs-senior-software-engineer-mobile

Full Stack Developer (Python & Vue.js),Unhaggle Inc.,https://weworkremotely.com/remote-jobs/unhaggle-inc-full-stack-developer-python-vue-js-2

DevOps Python Django SaaS Developer,WP Media,https://weworkremotely.com/remote-jobs/wp-media-devops-python-django-saas-developer

"Full Stack Javascript Engineer (AWS, Serverless, OSS)",FunnelEnvy,https://weworkremotely.com/remote-jobs/funnelenvy-full-stack-javascript-engineer-aws-serverless-oss

"Software Engineer, Platform Services",ReCharge Payments,https://weworkremotely.com/remote-jobs/recharge-payments-software-engineer-platform-services

Front End Engineer,ReCharge Payments,https://weworkremotely.com/remote-jobs/recharge-payments-front-end-engineer-2

Operations Engineer Python,BMAT Music Innovators,https://weworkremotely.com/remote-jobs/bmat-music-innovators-operations-engineer-python

"Software Development Manager, Platform Services",ReCharge Payments,https://weworkremotely.com/remote-jobs/recharge-payments-software-development-manager-platform-services

"Software Engineer, Full Stack ",Doximity,https://weworkremotely.com/remote-jobs/doximity-software-engineer-full-stack

"Senior Ruby on Rails Engineer (Madrid, Barcelona & Full Remote)",Jobandtalent ,https://weworkremotely.com/remote-jobs/jobandtalent-senior-ruby-on-rails-engineer-madrid-barcelona-full-remote

Senior React Developer ,X-Team,https://weworkremotely.com/remote-jobs/x-team-senior-react-developer

Tech Lead,Clevertech,https://weworkremotely.com/remote-jobs/clevertech-tech-lead-5

Data Analytics Engineer,Reify Health,https://weworkremotely.com/remote-jobs/reify-health-data-analytics-engineer-1

Senior Product Engineer (Remote - Anywhere),Dataquest ,https://weworkremotely.com/remote-jobs/dataquest-senior-product-engineer-remote-anywhere

Senior Software Engineer,Muck Rack,https://weworkremotely.com/remote-jobs/muck-rack-senior-software-engineer-2

Ruby on Rails Developer,Power Home Remodeling,https://weworkremotely.com/remote-jobs/power-home-remodeling-ruby-on-rails-developer

"Mobile Software Engineer, iOS (Swift)",Doximity,https://weworkremotely.com/remote-jobs/doximity-mobile-software-engineer-ios-swift

Solutions Engineer,ReCharge Payments,https://weworkremotely.com/remote-jobs/recharge-payments-solutions-engineer-1

Ruby on Rails Developer (5+ years),Power Home Remodeling,https://weworkremotely.com/remote-jobs/power-home-remodeling-ruby-on-rails-developer-5-years

"Software Engineer, Service Reliability",Doximity,https://weworkremotely.com/remote-jobs/doximity-software-engineer-service-reliability

Site Reliability Engineer,Stellar Development Foundation,https://weworkremotely.com/remote-jobs/stellar-development-foundation-site-reliability-engineer

Technical Support Engineer and Administrator (f/m/d),Teamwire GmbH,https://weworkremotely.com/remote-jobs/teamwire-gmbh-technical-support-engineer-and-administrator-f-m-d

IS Security Manager,Canonical,https://weworkremotely.com/remote-jobs/canonical-is-security-manager

Site Reliability Engineer,Sketch,https://weworkremotely.com/remote-jobs/sketch-site-reliability-engineer

Mobile Web Solutions Architect,Power Home Remodeling,https://weworkremotely.com/remote-jobs/power-home-remodeling-mobile-web-solutions-architect

Senior DevOps Engineer ,X-Team,https://weworkremotely.com/remote-jobs/x-team-senior-devops-engineer

Site Reliability Engineer (Remote - EST TZ),"Thought Industries, Inc.",https://weworkremotely.com/remote-jobs/thought-industries-inc-site-reliability-engineer-remote-est-tz

"Product Manager, Merchant & Shopper Experience",ReCharge Payments,https://weworkremotely.com/remote-jobs/recharge-payments-product-manager-merchant-shopper-experience

Manager of Data Analytics ,ReCharge Payments,https://weworkremotely.com/remote-jobs/recharge-payments-manager-of-data-analytics

Network Operations Engineer L3,Wiifnity,https://weworkremotely.com/remote-jobs/wiifnity-network-operations-engineer-l3

Data Analytics Mentor (Part-time/Flexible/Remote),Springboard,https://weworkremotely.com/remote-jobs/springboard-data-analytics-mentor-part-time-flexible-remote

